random_id,participant_id,n
p3a712ar8yz,camel,28
p3br6yhq8tv,rhino,28
p46l58enxpu,hyena,28
p606235arax,tiger,28
p6e6la2do44,penguin,28
p79ahjeawcl,trex,28
p7lf0e11ebd,llama,28
p7zs0h0auf4,seal,28
p9gu9xrl5u4,pelican,28
p9yuyd38xtl,leopard,28
pajlm381n7g,hedgehog,28
pb8moe74w22,badger,28
pc1tlsf3rh5,2341,28
pcv0gpxj8dz,squirrel,28
pcy878ovhss,gorilla,28
pegxl2s4hnd,Cheetah,28
pg4772wbm8h,panda,28
phts0u8cvs2,koala,28
pj73gzxllrw,parrot,28
pjq3ncgdq2t,flamingo,28
pkjo9rgcja5,manatee,28
plpdv4q6fyy,eagle,28
pn63gq65fq3,axolotl,28
pnbgzhu4k0l,falcon,28
pnlkyulorh5,Beaver,28
pnnvjwubprf,shark,28
po26baes4xa,heron,28
po699y11ppv,lion,28
ppnnqb3h1yb,otter,28
pq152dhc6gs,jaguar,28
pr1kyzyb8v7,gazelle,28
psb4tdcw9gs,p73,28
pscsu9tl1a3,moose,28
psdwcey1m4n,kangaroo,28
ptwavfsfbfk,dolphin,28
pus3991jsul,raccoon,28
pvvs8tb5l8c,turtle,28
pwpxx0x6u0n,antelope,28
px150jqg8mk,A17689315,28
